Workbook

Sheet Data
A1: Table 1
A2: Total Cost by Scenario Under Each First-Stage Plan
A4: Scenario | B4: Probability | C4: Draws | D4: Risk neutral | E4: Chance constrained | F4: Chance and CVaR
A5: 1 | B5: 0.12 | C5: 627 | D5: 5032.1429 | E5: 5975 | F5: 6407.3529
A6: 2 | B6: 0.1 | C6: 505 | D6: 5097.6429 | E6: 6040 | F6: 6472.3529
A7: 3 | B7: 0.1 | C7: 532 | D7: 5187.1429 | E7: 6090 | F7: 6522.3529
A8: 4 | B8: 0.1 | C8: 492 | D8: 5299.6429 | E8: 6197.5 | F8: 6629.8529
A9: 5 | B9: 0.1 | C9: 510 | D9: 5340.1429 | E9: 6231 | F9: 6663.3529
A10: 6 | B10: 0.1 | C10: 491 | D10: 5604.1786 | E10: 6279.5 | F10: 6711.8529
A11: 7 | B11: 0.1 | C11: 527 | D11: 6338.8571 | E11: 6365.625 | F11: 6777.3529
A12: 8 | B12: 0.1 | C12: 443 | D12: 8870.5 | E12: 7502.5 | F12: 7343.9706
A13: 9 | B13: 0.1 | C13: 490 | D13: 7522.2143 | E13: 6863.0417 | F13: 6958.8529
A14: 10 | B14: 0.08 | C14: 383 | D14: 11894.643 | E14: 11375.833 | F14: 11068.382

Sheet Chart data
A1: Cumulative proportion and plotting coordinates
A3: Rank | B3: Scenario | C3: Cumulative | D3: Risk neutral | E3: Chance constrained | F3: Chance and CVaR
A4: 1 | B4: 1 | C4: =Data!C5/SUM(Data!$C$5:$C$14) -> 0.1254 | D4: =Data!D5 -> 5032.1429 | E4: =Data!E5 -> 5975 | F4: =Data!F5 -> 6407.3529
A5: 2 | B5: 2 | C5: =C4+Data!C6/SUM(Data!$C$5:$C$14) -> 0.2264 | D5: =Data!D6 -> 5097.6429 | E5: =Data!E6 -> 6040 | F5: =Data!F6 -> 6472.3529
A6: 3 | B6: 3 | C6: =C5+Data!C7/SUM(Data!$C$5:$C$14) -> 0.3328 | D6: =Data!D7 -> 5187.1429 | E6: =Data!E7 -> 6090 | F6: =Data!F7 -> 6522.3529
A7: 4 | B7: 4 | C7: =C6+Data!C8/SUM(Data!$C$5:$C$14) -> 0.4312 | D7: =Data!D8 -> 5299.6429 | E7: =Data!E8 -> 6197.5 | F7: =Data!F8 -> 6629.8529
A8: 5 | B8: 5 | C8: =C7+Data!C9/SUM(Data!$C$5:$C$14) -> 0.5332 | D8: =Data!D9 -> 5340.1429 | E8: =Data!E9 -> 6231 | F8: =Data!F9 -> 6663.3529
A9: 6 | B9: 6 | C9: =C8+Data!C10/SUM(Data!$C$5:$C$14) -> 0.6314 | D9: =Data!D10 -> 5604.1786 | E9: =Data!E10 -> 6279.5 | F9: =Data!F10 -> 6711.8529
A10: 7 | B10: 7 | C10: =C9+Data!C11/SUM(Data!$C$5:$C$14) -> 0.7368 | D10: =Data!D11 -> 6338.8571 | E10: =Data!E11 -> 6365.625 | F10: =Data!F11 -> 6777.3529
A11: 8 | B11: 9 | C11: =C10+Data!C13/SUM(Data!$C$5:$C$14) -> 0.8348 | D11: =Data!D13 -> 7522.2143 | E11: =Data!E13 -> 6863.0417 | F11: =Data!F13 -> 6958.8529
A12: 9 | B12: 8 | C12: =C11+Data!C12/SUM(Data!$C$5:$C$14) -> 0.9234 | D12: =Data!D12 -> 8870.5 | E12: =Data!E12 -> 7502.5 | F12: =Data!F12 -> 7343.9706
A13: 10 | B13: 10 | C13: =C12+Data!C14/SUM(Data!$C$5:$C$14) -> 1 | D13: =Data!D14 -> 11894.643 | E13: =Data!E14 -> 11375.833 | F13: =Data!F14 -> 11068.382
A16: Risk neutral | B16: Chance constrained | C16: Chance and CVaR | D16: Cumulative
A17: =D4 -> 5032.1429 | B17: =E4 -> 5975 | C17: =F4 -> 6407.3529 | D17: 0
A18: =D4 -> 5032.1429 | B18: =E4 -> 5975 | C18: =F4 -> 6407.3529 | D18: =C4 -> 0.1254
A19: =D5 -> 5097.6429 | B19: =E5 -> 6040 | C19: =F5 -> 6472.3529 | D19: =C4 -> 0.1254
A20: =D5 -> 5097.6429 | B20: =E5 -> 6040 | C20: =F5 -> 6472.3529 | D20: =C5 -> 0.2264
A21: =D6 -> 5187.1429 | B21: =E6 -> 6090 | C21: =F6 -> 6522.3529 | D21: =C5 -> 0.2264
A22: =D6 -> 5187.1429 | B22: =E6 -> 6090 | C22: =F6 -> 6522.3529 | D22: =C6 -> 0.3328
A23: =D7 -> 5299.6429 | B23: =E7 -> 6197.5 | C23: =F7 -> 6629.8529 | D23: =C6 -> 0.3328
A24: =D7 -> 5299.6429 | B24: =E7 -> 6197.5 | C24: =F7 -> 6629.8529 | D24: =C7 -> 0.4312
A25: =D8 -> 5340.1429 | B25: =E8 -> 6231 | C25: =F8 -> 6663.3529 | D25: =C7 -> 0.4312
A26: =D8 -> 5340.1429 | B26: =E8 -> 6231 | C26: =F8 -> 6663.3529 | D26: =C8 -> 0.5332
A27: =D9 -> 5604.1786 | B27: =E9 -> 6279.5 | C27: =F9 -> 6711.8529 | D27: =C8 -> 0.5332
A28: =D9 -> 5604.1786 | B28: =E9 -> 6279.5 | C28: =F9 -> 6711.8529 | D28: =C9 -> 0.6314
A29: =D10 -> 6338.8571 | B29: =E10 -> 6365.625 | C29: =F10 -> 6777.3529 | D29: =C9 -> 0.6314
A30: =D10 -> 6338.8571 | B30: =E10 -> 6365.625 | C30: =F10 -> 6777.3529 | D30: =C10 -> 0.7368
A31: =D11 -> 7522.2143 | B31: =E11 -> 6863.0417 | C31: =F11 -> 6958.8529 | D31: =C10 -> 0.7368
A32: =D11 -> 7522.2143 | B32: =E11 -> 6863.0417 | C32: =F11 -> 6958.8529 | D32: =C11 -> 0.8348
A33: =D12 -> 8870.5 | B33: =E12 -> 7502.5 | C33: =F12 -> 7343.9706 | D33: =C11 -> 0.8348
A34: =D12 -> 8870.5 | B34: =E12 -> 7502.5 | C34: =F12 -> 7343.9706 | D34: =C12 -> 0.9234
A35: =D13 -> 11894.643 | B35: =E13 -> 11375.833 | C35: =F13 -> 11068.382 | D35: =C12 -> 0.9234
A36: =D13 -> 11894.643 | B36: =E13 -> 11375.833 | C36: =F13 -> 11068.382 | D36: =C13 -> 1
